{
	"providers": [
		{
			"type": "unihex",
			"hex_file": "minecraft:font/hangul.zip",
			"size_overrides": [
				{
					"from": "\u1100",
					"to": "\u1113",
					"left": 0,
					"right": 14
				},
				{
					"from": "\u1161",
					"to": "\u1176",
					"left": 0,
					"right": 14
				},
				{
					"from": "\u11a8",
					"to": "\u11c3",
					"left": 0,
					"right": 14
				},
				{
					"from": "\u3131",
					"to": "\u3164",
					"left": 0,
					"right": 14
				},
				{
					"from": "\uac00",
					"to": "\ud7a4",
					"left": 0,
					"right": 14
				}
			]
		}
	]
}